date_posted,title,company,employment_type,work_arrangement,city,country,salary_min,salary_max,currency,salary_type,years_experience,education_level,industry,source_url
2026-02-16,Tester II (Remote from anywhere in CO),State Job Opportunities,full-time,remote,Remote,United States,NaN,NaN,NaN,NaN,NaN,associate,Higher Education,https://www.a11yjobs.com/jobs/95AA2-tester-ii-remote-from-anywhere-in-co-state-job-opportunities
2026-02-16,"Digital Content Specialist, Hybrid, UC Online",University of Cincinnati,full-time,hybrid,Cincinnati,United States,94,94,USD,hourly,NaN,bachelor,Higher Education,https://www.a11yjobs.com/jobs/YVO9T-digital-content-specialist-hybrid-uc-online-university-of-cincinnati
2026-02-15,Web Developer (AZ Local),Arizona State Parks & Trails,contract,hybrid,Phoenix,United States,51,51,USD,hourly,NaN,NaN,Higher Education,https://www.a11yjobs.com/jobs/29GP0-web-developer-az-local-arizona-state-parks-trails
2026-02-15,UI Developer Design Systems,Client Server,full-time,hybrid,Sunderland,United Kingdom,50,50,GBP,hourly,NaN,NaN,Technology,https://www.a11yjobs.com/jobs/1W7BU-ui-developer-design-systems-client-server
2026-02-15,Product Designer (Remote),Cisco,full-time,remote,Seattle,United States,95700,95700,USD,annual,2 years experience,master,Higher Education,https://www.a11yjobs.com/jobs/H8RXH-product-designer-remote-cisco
2026-02-15,Lead UX Designer - Agentic AI Platform,Deloitte,full-time,onsite,Mechanicsburg,United States,80000,165000,USD,annual,5+ years experience,associate,Government,https://www.a11yjobs.com/jobs/5XFSL-lead-ux-designer-agentic-ai-platform-deloitte
2026-02-15,Dashboard Accessibility Analyst - Intermittent (Management Analyst),Ohio Department of Medicaid,full-time,onsite,Columbus,UNITED STATES OF AMERICA,NaN,NaN,NaN,NaN,NaN,NaN,Government,https://www.a11yjobs.com/jobs/3KCKE-dashboard-accessibility-analyst-intermittent-management-analyst-ohio-department-of-medicaid
2026-02-14,Senior SDET - Accessibility,Sprinklr,full-time,onsite,India - Haryana - Gurgaon,INDIA,NaN,NaN,NaN,NaN,NaN,NaN,Government,https://www.a11yjobs.com/jobs/EHDI3-senior-sdet-accessibility-sprinklr
2026-02-14,Senior Accessibility Analyst – Section 508,Leidos,full-time,hybrid,The Mark Center,United States,92300,92300,USD,annual,12+ years experience,master,Government,https://www.a11yjobs.com/jobs/8ZYM3-senior-accessibility-analyst-section-508-leidos
2026-02-14,QA & Accessibility Specialist - 2026-007,"CCI- Computer Consultants International, Inc.",full-time,onsite,Hawaii,UNITED STATES,NaN,NaN,NaN,NaN,NaN,associate,Higher Education,https://www.a11yjobs.com/jobs/EWSSL-qa-accessibility-specialist-2026-007-cci-computer-consultants-international-inc
2026-02-14,"Product Manager, Accessibility",Appspace,full-time,hybrid,Ashford,United Kingdom,NaN,NaN,NaN,NaN,5+ years experience,bachelor,Government,https://www.a11yjobs.com/jobs/7UWYR-product-manager-accessibility-appspace
2026-02-14,Lead Accessibility Consultant,Target,full-time,hybrid,Minneapolis,United States,115000,115000,USD,annual,NaN,master,Finance,https://www.a11yjobs.com/jobs/HHP2I-lead-accessibility-consultant-target
2026-02-14,Instructional Designer,WEX,full-time,remote,Remote,United States,60000,60000,USD,annual,2+ years experience,bachelor,Finance,https://www.a11yjobs.com/jobs/UUMCW-instructional-designer-wex
2026-02-13,Senior Accessibility Manager,Commonwealth Bank,full-time,onsite,Melbourne,AUSTRALIA,NaN,NaN,NaN,NaN,NaN,NaN,Government,https://www.a11yjobs.com/jobs/KXRPH-senior-accessibility-manager-commonwealth-bank
2026-02-13,Quality Assurance Specialist (Vacancy# VAR003262),Library of Congress,full-time,onsite,Washington,United States,NaN,NaN,NaN,NaN,NaN,associate,Higher Education,https://www.a11yjobs.com/jobs/ASG2T-quality-assurance-specialist-vacancy-var003262-library-of-congress
2026-02-13,OPS Content Accessibility Support Specialist,Florida Gulf Coast University,full-time,onsite,Fort Myers,United States,NaN,NaN,NaN,NaN,NaN,high-school,Higher Education,https://www.a11yjobs.com/jobs/Q8HQF-ops-content-accessibility-support-specialist-florida-gulf-coast-university
2026-02-13,"Manager, Central Quality Accessibility Engineering - Apple Services Engineering",Apple,full-time,onsite,Cupertino,United States,198300,198300,USD,annual,5 years experience,bachelor,Higher Education,https://www.a11yjobs.com/jobs/DWOSZ-manager-central-quality-accessibility-engineering-apple-services-engineering-apple
2026-02-13,Business Analyst – Digital Accessibility,Greymatter Innovationz,contract,onsite,Austin,United States,NaN,NaN,NaN,NaN,4+ years experience,associate,Government,https://www.a11yjobs.com/jobs/EVGEI-business-analyst-digital-accessibility-greymatter-innovationz
2026-02-12,Website Specialist,"Faith Technologies, Inc.",full-time,onsite,WI - Menasha,United States,NaN,NaN,NaN,NaN,2 years experience,bachelor,Technology,https://www.a11yjobs.com/jobs/CPWTK-website-specialist-faith-technologies-inc
2026-02-12,Web Accessibility Coordinator,Georgia Technology Authority,full-time,hybrid,Atlanta,United States,53100,67700,USD,annual,NaN,bachelor,Government,https://www.a11yjobs.com/jobs/DBBLH-web-accessibility-coordinator-georgia-technology-authority
2026-02-12,Senior Accessibility Manager,Commonwealth Bank Group,contract,onsite,Sydney CBD Area,Australia,NaN,NaN,NaN,NaN,NaN,NaN,Finance,https://www.a11yjobs.com/jobs/PX4VF-senior-accessibility-manager-commonwealth-bank-group
2026-02-12,STEPS Accessibility Compliance Associate,University of Kentucky,full-time,onsite,Lexington,United States,NaN,NaN,NaN,NaN,NaN,associate,Higher Education,https://www.a11yjobs.com/jobs/UGMSP-steps-accessibility-compliance-associate-university-of-kentucky
2026-02-12,Lead Product Designer - Design Systems,Verkada,full-time,onsite,US,United States,140000,240000,USD,annual,7+ years experience,NaN,Government,https://www.a11yjobs.com/jobs/3OYGW-lead-product-designer-design-systems-verkada
2026-02-12,IT Accessibility Lead,Arizona State University,full-time,hybrid,Tempe Campus,United States,99400,99400,USD,annual,NaN,bachelor,Higher Education,https://www.a11yjobs.com/jobs/UPXTQ-it-accessibility-lead-arizona-state-university
2026-02-12,GenAI Digital Product Leader - UI/UX Designer,Wells Fargo,full-time,hybrid,Charlotte,United States,NaN,NaN,NaN,NaN,5+ years experience,NaN,Government,https://www.a11yjobs.com/jobs/N74Y1-genai-digital-product-leader-uiux-designer-wells-fargo
2026-02-12,Engineering Manager,Cognizant,full-time,hybrid,San Jose,United States,100000,140000,USD,annual,10+ years experience,bachelor,Higher Education,https://www.a11yjobs.com/jobs/W06AC-engineering-manager-cognizant
2026-02-12,Digital Accessibility Support Officer,Department of Communities and Justice,full-time,onsite,Parramatta,Australia,NaN,NaN,NaN,NaN,NaN,NaN,Government,https://www.a11yjobs.com/jobs/8T3LK-digital-accessibility-support-officer-department-of-communities-and-justice
2026-02-12,Business Analyst,REETECH,contract,onsite,Austin,United States,NaN,NaN,NaN,NaN,4+ years experience,associate,Government,https://www.a11yjobs.com/jobs/EPQTW-business-analyst-reetech
2026-02-12,Advisor Graphic Designer,Gainwell Technologies LLC,full-time,remote,Any City,United States,100000,125000,USD,annual,10+ years experience,NaN,Government,https://www.a11yjobs.com/jobs/QYIJL-advisor-graphic-designer-gainwell-technologies-llc
2026-02-12,Accessible Technology Specialist - HigherEdJobs,Bard College,full-time,onsite,Annandale-on-Hudson,United States,62500,65000,USD,annual,NaN,master,Higher Education,https://www.a11yjobs.com/jobs/UBEJV-accessible-technology-specialist-higheredjobs-bard-college
2026-02-12,ADA Compliance Specialist,Hanna Interpreting Services LLC,full-time,hybrid,US,United States,22,23,USD,hourly,3+ years experience,bachelor,Government,https://www.a11yjobs.com/jobs/9HJPH-ada-compliance-specialist-hanna-interpreting-services-llc
2026-02-12,508 Senior Technical Writer and Accessibility Analyst - HigherEchelon - Remote,HigherEchelon,full-time,hybrid,Remote,United States,NaN,NaN,NaN,NaN,10+ years experience,bachelor,Government,https://www.a11yjobs.com/jobs/GQKFJ-508-senior-technical-writer-and-accessibility-analyst-higherechelon-remote-higherechelon
2026-02-11,UI/UX Front-End Development Web Designer,Booz Allen Hamilton,full-time,hybrid,Chantilly,United States,99000,99000,USD,annual,5+ years experience,bachelor,Government,https://www.a11yjobs.com/jobs/BOFQC-uiux-front-end-development-web-designer-booz-allen-hamilton
2026-02-11,Sr Accessibility Specialist,Apply Digital,full-time,hybrid,Latin America (Remote),LATIN AMERICA,NaN,NaN,NaN,NaN,NaN,NaN,Technology,https://www.a11yjobs.com/jobs/EBZHS-sr-accessibility-specialist-apply-digital
2026-02-11,"Specialist, Digital Accessibility",Houston Community College,full-time,onsite,Houston,United States,NaN,NaN,NaN,NaN,3 years experience,bachelor,Higher Education,https://www.a11yjobs.com/jobs/6DGRQ-specialist-digital-accessibility-houston-community-college
2026-02-11,Senior Design Manager – Digital UX Design,CVS Health,full-time,remote,Work At Home,UNITED STATES,130295,130295,USD,annual,7+ years experience,master,Government,https://www.a11yjobs.com/jobs/WB5ZI-senior-design-manager-digital-ux-design-cvs-health
2026-02-11,Quality Assurance Consultant,Genesis10,contract,onsite,Plano,United States,50,50,USD,hourly,7 years experience,NaN,Higher Education,https://www.a11yjobs.com/jobs/32X95-quality-assurance-consultant-genesis10
2026-02-11,"Program Manager, Digital Accessibility Governance & Policy",AMA CONSULTING LLC.,full-time,onsite,Grand Rapids,United States,80000,100000,USD,annual,8-10 years experience,bachelor,Consulting,https://www.a11yjobs.com/jobs/C1MSF-program-manager-digital-accessibility-governance-policy-ama-consulting-llc
2026-02-11,Product Designer,Pathify,full-time,remote,Remote,United States,115000,115000,USD,annual,5 years experience,NaN,Higher Education,https://www.a11yjobs.com/jobs/ULWKX-product-designer-pathify
2026-02-11,Digital Accessibility Coordinator - State Prog Admin Prin,Pollution Control Agency,full-time,hybrid,Various,United States,32,32,USD,hourly,NaN,NaN,Higher Education,https://www.a11yjobs.com/jobs/CJNLH-digital-accessibility-coordinator-state-prog-admin-prin-pollution-control-agency
2026-02-11,Accessibility Tester,Matlen Silver,contract,onsite,Jersey City,United States,NaN,NaN,NaN,NaN,NaN,associate,Government,https://www.a11yjobs.com/jobs/RGWQG-accessibility-tester-matlen-silver
2026-02-11,AEM Developer,Primary Talent Partners,contract,onsite,San Antonio,United States,45,45,USD,hourly,NaN,bachelor,Higher Education,https://www.a11yjobs.com/jobs/ZUIKA-aem-developer-primary-talent-partners
2026-02-10,UI Sr.Developer,Johnson Controls,full-time,onsite,Bangalore,India,NaN,NaN,NaN,NaN,10 years experience,bachelor,Government,https://www.a11yjobs.com/jobs/Q0CMW-ui-srdeveloper-johnson-controls
2026-02-10,"Sr. Manager, Experience Design, Agentic & Conversational Product Design",Pfizer,full-time,onsite,New York,United States,NaN,NaN,NaN,NaN,NaN,NaN,Technology,https://www.a11yjobs.com/jobs/5PNF9-sr-manager-experience-design-agentic-conversational-product-design-pfizer
2026-02-10,"Senior Product Manager, Accessibility",Alteryx,full-time,hybrid,United States,UNITED STATES,150,150,USD,hourly,5+ years experience,NaN,Technology,https://www.a11yjobs.com/jobs/8HWBT-senior-product-manager-accessibility-alteryx
2026-02-10,Senior Accessibility Tester,Iris Software Inc.,contract,hybrid,Toronto,CANADA,NaN,NaN,NaN,NaN,7+ years experience,associate,Higher Education,https://www.a11yjobs.com/jobs/ZDDF1-senior-accessibility-tester-iris-software-inc
2026-02-10,Instructional Designer,University of Massachusetts Global,full-time,hybrid,Remote,United States,46522,46522,USD,annual,2+ years experience,master,Higher Education,https://www.a11yjobs.com/jobs/5M9UM-instructional-designer-university-of-massachusetts-global
2026-02-10,"Global Strategy & Business Development Senior Executive, Accessibility & Sustainability",Apple,full-time,hybrid,Cupertino,UNITED STATES,175300,175300,USD,annual,8+ years experience,bachelor,Higher Education,https://www.a11yjobs.com/jobs/54V8T-global-strategy-business-development-senior-executive-accessibility-sustainability-apple
2026-02-10,"Director, Web Strategy",Chapman University,full-time,onsite,Orange,United States,140000,170000,USD,annual,6+ years experience,bachelor,Higher Education,https://www.a11yjobs.com/jobs/EYA1D-director-web-strategy-chapman-university
2026-02-10,Digital Accessibility Specialist,Trillium Staffing,full-time,remote,Boston,United States,52,52,USD,hourly,NaN,NaN,Consulting,https://www.a11yjobs.com/jobs/1HXDJ-digital-accessibility-specialist-trillium-staffing
2026-02-10,Accessibility Test Lead,Infinite Talent Middleware Test Company,full-time,onsite,Ohio,United States,NaN,NaN,NaN,NaN,NaN,NaN,Government,https://www.a11yjobs.com/jobs/R4XUN-accessibility-test-lead-infinite-talent-middleware-test-company
2026-02-10,Accessibility Manager,Syme Drummond,full-time,hybrid,Gourock,UNITED KINGDOM,60000,65000,GBP,annual,NaN,NaN,Government,https://www.a11yjobs.com/jobs/MJENU-accessibility-manager-syme-drummond
2026-02-10,Accessibility Coordinator,Live Nation Entertainment,full-time,onsite,Riverside,United States,NaN,NaN,NaN,NaN,NaN,master,Higher Education,https://www.a11yjobs.com/jobs/MDOHM-accessibility-coordinator-live-nation-entertainment
2026-02-09,Web Software Developer,Tanaq Management Services LLC,full-time,hybrid,Remote,United States,NaN,NaN,NaN,NaN,2 years experience,bachelor,Government,https://www.a11yjobs.com/jobs/KVIVI-web-software-developer-tanaq-management-services-llc
2026-02-09,Software Engineer,JPMorgan Chase & Co.,full-time,onsite,Plano,United States,NaN,NaN,NaN,NaN,NaN,NaN,Technology,https://www.a11yjobs.com/jobs/LMEGN-software-engineer-jpmorgan-chase-co
2026-02-09,Director of Accessibility Compliance,Southern New Hampshire University,full-time,hybrid,Oklahoma City,United States,85563,136928,USD,annual,4 years experience,bachelor,Higher Education,https://www.a11yjobs.com/jobs/OD5A8-director-of-accessibility-compliance-southern-new-hampshire-university
2026-02-09,Automation / Section 508 / Performance Tester,C-HIT,full-time,hybrid,Columbia,United States,NaN,NaN,NaN,NaN,5+ years experience,bachelor,Government,https://www.a11yjobs.com/jobs/PYRTZ-automation-section-508-performance-tester-c-hit
2026-02-08,Part-Time Accessibility Assistant for Philosophy Course,Penn State University,part-time,hybrid,University Park,United States,NaN,NaN,NaN,NaN,NaN,NaN,Higher Education,https://www.a11yjobs.com/jobs/PZYMY-part-time-accessibility-assistant-for-philosophy-course-penn-state-university
2026-02-08,"Fan Experience Manager (Accessibility Lead), Co-op Live",Oak View Group,full-time,onsite,Manchester,United Kingdom,NaN,NaN,NaN,NaN,NaN,NaN,Government,https://www.a11yjobs.com/jobs/N4GZB-fan-experience-manager-accessibility-lead-co-op-live-oak-view-group
2026-02-08,Disability Rights California - Attorney (Senior),Disability Rights California,full-time,hybrid,Remote (Must Live In California),United States,89435,89435,USD,annual,NaN,NaN,Government,https://www.a11yjobs.com/jobs/NEFKV-disability-rights-california-attorney-senior-disability-rights-california
2026-02-08,Director of EEO and Accessibility,Campaign Finance Board,full-time,onsite,New York City,United States,NaN,NaN,NaN,NaN,10 years experience,associate,Higher Education,https://www.a11yjobs.com/jobs/RICLM-director-of-eeo-and-accessibility-campaign-finance-board
2026-02-08,Accessibility Specialist - Part Time (Remote),CTR Management Group LLC,full-time,hybrid,Remote,United States,NaN,NaN,NaN,NaN,NaN,NaN,Government,https://www.a11yjobs.com/jobs/ESOMW-accessibility-specialist-part-time-remote-ctr-management-group-llc
2026-02-07,Web Administrator - Contract,Goodway Group,contract,onsite,US,United States,NaN,NaN,NaN,NaN,NaN,NaN,Government,https://www.a11yjobs.com/jobs/G8GR6-web-administrator-contract-goodway-group
2026-02-07,Senior Quality Test Engineer I,Elsevier,full-time,onsite,Bengaluru,INDIA,NaN,NaN,NaN,NaN,5+ years experience,NaN,Higher Education,https://www.a11yjobs.com/jobs/UUTU4-senior-quality-test-engineer-i-elsevier
2026-02-07,Grant Operations and Accessibility Specialist,Illinois State University,full-time,onsite,Normal,United States,37,37,USD,hourly,5 years experience,bachelor,Higher Education,https://www.a11yjobs.com/jobs/6NBMR-grant-operations-and-accessibility-specialist-illinois-state-university
2026-02-07,Front-End Tech Lead (m/f/x),PPG,full-time,hybrid,Wrocław,PL,NaN,NaN,NaN,NaN,7+ years experience,master,Government,https://www.a11yjobs.com/jobs/ASEY8-front-end-tech-lead-mfx-ppg
2026-02-07,Digital Accessibility Specialist (Hybrid),Commonwealth of Pennsylvania – PSERS,full-time,hybrid,Harrisburg,United States,30,30,USD,hourly,NaN,NaN,Higher Education,https://www.a11yjobs.com/jobs/PJCNU-digital-accessibility-specialist-hybrid-commonwealth-of-pennsylvania-psers
2026-02-06,Usability and Accessibility Expert,ICF,full-time,onsite,Brussels,BELGIUM,NaN,NaN,NaN,NaN,5 years experience,NaN,Government,https://www.a11yjobs.com/jobs/0BFOE-usability-and-accessibility-expert-icf
2026-02-06,TA I - CLIN 508 01 Introduction to Psychotherapy,Palo Alto University (PAU),part-time,hybrid,Silicon Valley,United States,NaN,NaN,NaN,NaN,NaN,master,Higher Education,https://www.a11yjobs.com/jobs/RR8DP-ta-i-clin-508-01-introduction-to-psychotherapy-palo-alto-university-pau
2026-02-06,Senior Product Manager - Web & Mac Experiences (AI/ML) | Microsoft AI,Microsoft,full-time,hybrid,Redmond,United States,139900,331200,USD,annual,5+ years experience,bachelor,Higher Education,https://www.a11yjobs.com/jobs/RNN4J-senior-product-manager-web-mac-experiences-aiml-microsoft-ai-microsoft
2026-02-06,SENIOR COMMUNICATIONS SPECIALIST,Houston Airport System,full-time,hybrid,Houston,United States,NaN,NaN,NaN,NaN,NaN,master,Higher Education,https://www.a11yjobs.com/jobs/AMW8A-senior-communications-specialist-houston-airport-system
2026-02-06,Quality Assurance Analyst,CloudOne Digital,part-time,remote,Remote,United States,30,50,USD,hourly,3+ years experience,NaN,Government,https://www.a11yjobs.com/jobs/XWQTD-quality-assurance-analyst-cloudone-digital
2026-02-06,Interim Regional Coordinator of Disability Services,Miami University,full-time,hybrid,Hamilton,United States,NaN,NaN,NaN,NaN,40 years experience,master,Higher Education,https://www.a11yjobs.com/jobs/BHAZM-interim-regional-coordinator-of-disability-services-miami-university
2026-02-06,Disability Support Services Coordinator,Community College System of New Hampshire,full-time,onsite,Lakes Region Community College,United States,65735,65735,USD,annual,NaN,bachelor,Higher Education,https://www.a11yjobs.com/jobs/SBPSF-disability-support-services-coordinator-community-college-system-of-new-hampshire
2026-02-06,Content Writer (Digital Accessibility),accessibilitychecker.org,full-time,remote,Remote,United States,NaN,NaN,NaN,NaN,NaN,master,Government,https://www.a11yjobs.com/jobs/EVXI2-content-writer-digital-accessibility-accessibilitycheckerorg
2026-02-06,Accessibility Assistant,College of DuPage,part-time,onsite,Glen Ellyn,United States,18,18,USD,hourly,NaN,associate,Higher Education,https://www.a11yjobs.com/jobs/LFHJ2-accessibility-assistant-college-of-dupage
2026-02-05,"Strategic Communications Specialist, Remote within United States",Bixal,full-time,remote,United States,UNITED STATES,65000,80000,USD,annual,2 years experience,bachelor,Government,https://www.a11yjobs.com/jobs/JAX1R-strategic-communications-specialist-remote-within-united-states-bixal
2026-02-05,"Intern, Accessibility","Lincoln Center for the Performing Arts, Inc.",internship,onsite,New York,United States,50,50,USD,hourly,20 years experience,NaN,Higher Education,https://www.a11yjobs.com/jobs/5QVLK-intern-accessibility-lincoln-center-for-the-performing-arts-inc
2026-02-05,Instructional Designer for Universal Design and Accessibility,University of Alberta,full-time,onsite,Edmonton,Canada,NaN,NaN,NaN,NaN,NaN,NaN,Higher Education,https://www.a11yjobs.com/jobs/HNDUV-instructional-designer-for-universal-design-and-accessibility-university-of-alberta
2026-02-05,"Accessibility Testing Specialist, AVP",RBS,full-time,onsite,Bengaluru,India,NaN,NaN,NaN,NaN,NaN,associate,Technology,https://www.a11yjobs.com/jobs/PEYQQ-accessibility-testing-specialist-avp-rbs
2026-02-05,Accessibility Tester,CBSbutler,contract,remote,London,United Kingdom,420,430,GBP,NaN,NaN,NaN,Government,https://www.a11yjobs.com/jobs/TOCQX-accessibility-tester-cbsbutler
2026-02-05,Academic Accessibility Compliance Specialist – Higher Ed (Remote),TCWGlobal,full-time,remote,United States,UNITED STATES,19,19,USD,hourly,2+ years experience,bachelor,Higher Education,https://www.a11yjobs.com/jobs/SHCDG-academic-accessibility-compliance-specialist-higher-ed-remote-tcwglobal
2026-02-05,ADA WCAG 2.1AA Compliance Technical Writer,Quantam Solutions,full-time,hybrid,Lansing,United States,33,33,USD,hourly,4+ years experience,NaN,Consulting,https://www.a11yjobs.com/jobs/DNR4S-ada-wcag-21aa-compliance-technical-writer-quantam-solutions
2026-02-04,Test Engineer,1 Alpha Consulting,full-time,remote,USA,United States,45,45,USD,hourly,NaN,master,Government,https://www.a11yjobs.com/jobs/GMJXD-test-engineer-1-alpha-consulting
2026-02-04,Student Worker- ODL Accessibility Technician,"University of Nevada, Reno",full-time,onsite,University Of Nevada,United States,1,1,USD,hourly,NaN,NaN,Higher Education,https://www.a11yjobs.com/jobs/TYJ3L-student-worker-odl-accessibility-technician-university-of-nevada-reno
2026-02-04,Principal Product Designer – Map Viewer Job,Esri,full-time,onsite,Redlands,United States,125528,203840,USD,annual,8+ years experience,NaN,Technology,https://www.a11yjobs.com/jobs/POY4Q-principal-product-designer-map-viewer-job-esri
2026-02-04,On-Call Transportation Accessibility Specialist,MTM,full-time,onsite,St. Louis,United States,26,26,USD,hourly,3+ years experience,bachelor,Government,https://www.a11yjobs.com/jobs/SXBAR-on-call-transportation-accessibility-specialist-mtm
2026-02-04,Document Accessibility Remediation Specialist [Must have WCAG 2.1AA Remediation & ADA]- REMOTE,STI,full-time,hybrid,United States,UNITED STATES,NaN,NaN,NaN,NaN,12 years experience,NaN,Technology,https://www.a11yjobs.com/jobs/BLNXK-document-accessibility-remediation-specialist-must-have-wcag-21aa-remediation-ada-remote-sti
2026-02-04,Digital Accessibility and Assistive Technology Coordinator Intellectual Disability Services Muiriosa Foundation MFLSNUR842,HSE Workplace Health & Wellbeing,full-time,onsite,All,United States,NaN,NaN,NaN,NaN,NaN,NaN,Government,https://www.a11yjobs.com/jobs/5GRBI-digital-accessibility-and-assistive-technology-coordinator-intellectual-disability-services-muiriosa-foundation-mflsnur842-hse-workplace-health-wellbeing
2026-02-04,"Assistant Director, DSS & Access Technology",Colorado School of Mines,full-time,onsite,Golden,United States,NaN,NaN,NaN,NaN,5 years experience,master,Higher Education,https://www.a11yjobs.com/jobs/OWWES-assistant-director-dss-access-technology-colorado-school-of-mines
2026-02-04,Accessibility Programs Intern,Houston Museum of Natural Science,full-time,onsite,Houston,United States,NaN,NaN,NaN,NaN,NaN,NaN,Higher Education,https://www.a11yjobs.com/jobs/IJLCA-accessibility-programs-intern-houston-museum-of-natural-science
2026-02-04,ADA Accessibility Compliance Specialist,STI,full-time,onsite,Atlanta,United States,NaN,NaN,NaN,NaN,NaN,bachelor,Government,https://www.a11yjobs.com/jobs/VO36V-ada-accessibility-compliance-specialist-sti
2026-02-04,ACCESSIBILITY – SUMMER FOR THE CITY INTERN,Lincoln Center,internship,onsite,New York City,United States,50,50,USD,hourly,20 years experience,NaN,Higher Education,https://www.a11yjobs.com/jobs/OSVX4-accessibility-summer-for-the-city-intern-lincoln-center
2026-02-03,Senior Software Engineer - Accessibility,Mayo Clinic,full-time,onsite,Rochester,UNITED STATES,NaN,NaN,NaN,NaN,NaN,NaN,Technology,https://www.a11yjobs.com/jobs/EPEH7-senior-software-engineer-accessibility-mayo-clinic
2026-02-03,Senior Front-End Developer (SC Cleared),NEC Software Solutions,full-time,onsite,United Kingdom,United Kingdom,NaN,NaN,NaN,NaN,6+ years experience,NaN,Government,https://www.a11yjobs.com/jobs/9HOJR-senior-front-end-developer-sc-cleared-nec-software-solutions
2026-02-03,"Full-time Partner, Inclusion, Diversity, Equity and Accessibility (Fixed Term Administrative)(12 Months)",Algonquin College,full-time,onsite,Ottawa Campus,Canada,NaN,NaN,NaN,NaN,NaN,NaN,Higher Education,https://www.a11yjobs.com/jobs/IINCL-full-time-partner-inclusion-diversity-equity-and-accessibility-fixed-term-administrative12-months-algonquin-college
2026-02-03,Digital Manual Accessibility Auditor,Digital Accessibility by WeCo,contract,hybrid,Stillwater,United States,NaN,NaN,NaN,NaN,2+ years experience,associate,Technology,https://www.a11yjobs.com/jobs/6QjYQ-digital-manual-accessibility-auditor-digital-accessibility-by-weco
2026-02-03,Consultancy - Accessibility Research and Campaign Strategies to promote inclusive youth participation in TVET,World University Service of Canada (WUSC),contract,hybrid,Colombo,SRI LANKA,NaN,NaN,NaN,NaN,NaN,NaN,Higher Education,https://www.a11yjobs.com/jobs/AZYFZ-consultancy-accessibility-research-and-campaign-strategies-to-promote-inclusive-youth-participation-in-tvet-world-university-service-of-canada-wusc
2026-02-03,Accessibility Test Automation Engineer,SYSTEMTEC,contract,hybrid,Columbia,United States,NaN,NaN,NaN,NaN,NaN,bachelor,Government,https://www.a11yjobs.com/jobs/dDrOk-accessibility-test-automation-engineer-systemtec
2026-02-03,Accessibility Compliance Manager,eStaff LLC,full-time,remote,Huntsville,United States,NaN,NaN,NaN,NaN,NaN,bachelor,Consulting,https://www.a11yjobs.com/jobs/RHC13-accessibility-compliance-manager-estaff-llc
2026-02-02,Senior Visual / Product Designer,CapTech,full-time,onsite,United States,United States,NaN,NaN,NaN,NaN,5 years experience,NaN,Higher Education,https://www.a11yjobs.com/jobs/GBXUJ-senior-visual-product-designer-captech
2026-02-02,"Senior Advisor, Accessibility",BMO Financial Group,full-time,onsite,Toronto,CAN,94600,94600,USD,annual,7+ years experience,NaN,Finance,https://www.a11yjobs.com/jobs/IVHU9-senior-advisor-accessibility-bmo-financial-group
2026-02-02,Front End Web Developer,University of Virginia,full-time,onsite,Charlottesville,UNITED STATES OF AMERICA,70000,80000,USD,annual,1+ years experience,bachelor,Higher Education,https://www.a11yjobs.com/jobs/RVM4R-front-end-web-developer-university-of-virginia
2026-02-02,Enterprise Content Management Administrator,PSR Associates,full-time,hybrid,Lansing,United States,77,77,USD,hourly,3+ years experience,NaN,Consulting,https://www.a11yjobs.com/jobs/UKQDP-enterprise-content-management-administrator-psr-associates
2026-02-02,Digital Transformation Project Manager,The National World War II Museum,full-time,onsite,New Orleans,United States,15000,15000,USD,annual,3 years experience,bachelor,Government,https://www.a11yjobs.com/jobs/I0J08-digital-transformation-project-manager-the-national-world-war-ii-museum
2026-02-02,Accessibility Tester,JPS Tech Solutions LLC,full-time,hybrid,Denver,United States,NaN,NaN,NaN,NaN,6+ years experience,NaN,Technology,https://www.a11yjobs.com/jobs/CYHX5-accessibility-tester-jps-tech-solutions-llc
2026-02-02,Accessibility Lead Tester,Not Specified,full-time,onsite,Bangalore/Hyderabad,INDIA,NaN,NaN,NaN,NaN,8 to 12 Yrs,NaN,Technology,https://www.a11yjobs.com/jobs/ODUZC-accessibility-lead-tester-not-specified
2026-02-02,Accessibility Engineer,Professional Galaxy AB,contract,onsite,Stockholm,SWEDEN,NaN,NaN,NaN,NaN,NaN,NaN,Consulting,https://www.a11yjobs.com/jobs/ROEHR-accessibility-engineer-professional-galaxy-ab
2026-02-01,Web Accessibility Specialist,Trigyn,contract,onsite,Albany,UNITED STATES,NaN,NaN,NaN,NaN,NaN,master,Higher Education,https://www.a11yjobs.com/jobs/9D1JB-web-accessibility-specialist-trigyn
2026-02-01,Student Accessibility Assistant,LSA Advancement,part-time,hybrid,Ann Arbor,United States,15,15,USD,hourly,NaN,NaN,Higher Education,https://www.a11yjobs.com/jobs/F8OS5-student-accessibility-assistant-lsa-advancement
2026-02-01,"Software Engineer III, Accessibility Infrastructure, People with disabilities (English) — Google Careers",Google,full-time,onsite,São Paulo,BRAZIL,NaN,NaN,NaN,NaN,2 years experience,phd,Higher Education,https://www.a11yjobs.com/jobs/G5GRK-software-engineer-iii-accessibility-infrastructure-people-with-disabilities-english-google-careers-google
2026-02-01,"Product Manager, Web Experience",The Jed Foundation (JED),full-time,hybrid,New York City Tri-State Area,United States,1500,1500,USD,annual,3 years experience,high-school,Higher Education,https://www.a11yjobs.com/jobs/HYCQZ-product-manager-web-experience-the-jed-foundation-jed
2026-01-31,"Senior UX Designer, Design System & Accessibility",SAS,full-time,hybrid,Cary,United States,NaN,NaN,NaN,NaN,5+ years experience,bachelor,Technology,https://www.a11yjobs.com/jobs/FLFA0-senior-ux-designer-design-system-accessibility-sas
2026-01-31,Senior UI Designer/Web Developer,Applied Research Laboratories,full-time,onsite,PICKLE RESEARCH CAMPUS,United States,75000,85000,USD,annual,NaN,bachelor,Higher Education,https://www.a11yjobs.com/jobs/GS6H6-senior-ui-designerweb-developer-applied-research-laboratories
2026-01-31,Senior Accessibility & QA Automation Test Engineer - Aretum,Aretum,full-time,remote,Remote,United States,NaN,NaN,NaN,NaN,4 years experience,bachelor,Government,https://www.a11yjobs.com/jobs/5T30X-senior-accessibility-qa-automation-test-engineer-aretum-aretum
2026-01-31,"Program Manager, Accelerator",Access to Success Organization,full-time,hybrid,Toronto,CANADA,80000,90000,USD,annual,3+ years experience,associate,Higher Education,https://www.a11yjobs.com/jobs/MAS1C-program-manager-accelerator-access-to-success-organization
2026-01-31,Part Time Educator (Accessibility & Inclusion focus),Lincoln Park Zoological Society,part-time,onsite,Chicago,United States,23,23,USD,hourly,NaN,high-school,Government,https://www.a11yjobs.com/jobs/6WHFL-part-time-educator-accessibility-inclusion-focus-lincoln-park-zoological-society
2026-01-31,Digital Technology Accessibility Domain Leader,Bank of America,full-time,onsite,Charlotte,United States,15,15,USD,hourly,NaN,associate,Government,https://www.a11yjobs.com/jobs/MT5W3-digital-technology-accessibility-domain-leader-bank-of-america
2026-01-31,Digital Accessibility Expert (Remote),Braintrust,full-time,remote,United States,UNITED STATES,NaN,NaN,NaN,NaN,NaN,associate,Higher Education,https://www.a11yjobs.com/jobs/9M55D-digital-accessibility-expert-remote-braintrust
2026-01-31,"Deputy Project Director, Disability Rights Program.",ACLU,full-time,hybrid,Washington,United States,220285,220285,USD,annual,NaN,associate,Government,https://www.a11yjobs.com/jobs/8DC0D-deputy-project-director-disability-rights-program-aclu
2026-01-31,Accessible Instruction Materials Assistant,Lincoln Intermediate Unit 12,full-time,onsite,New Oxford,United States,19,19,USD,hourly,2 years experience,high-school,Higher Education,https://www.a11yjobs.com/jobs/D6FUB-accessible-instruction-materials-assistant-lincoln-intermediate-unit-12
2026-01-31,Accessibilty Specialist - WCAG,"Trilyon, Inc.",contract,hybrid,Lansing,United States,NaN,NaN,NaN,NaN,3+ years experience,NaN,Higher Education,https://www.a11yjobs.com/jobs/NL8UY-accessibilty-specialist-wcag-trilyon-inc
